Accuracy,Precision,Recall,F1_Score,F1_CV,F1_CV_std
0.8125,0.8541666666666666,0.8125,0.813034188034188,0.8121765842446154,0.017671821266379475
