Accuracy,Precision,Recall,F1_Score,F1_CV,F1_CV_std
0.8095238095238095,0.8603174603174603,0.8095238095238095,0.7987789987789988,0.7021427194046241,0.13237496111949656
