Accuracy,Precision,Recall,F1_Score,F1_CV,F1_CV_std
0.65,0.7861111111111112,0.65,0.5805747126436782,0.3488059666921455,0.011119555717441887
