F1-Score (Validación Cruzada),F1-Score Std,Accuracy,Precision,Recall
0.44118452094642563,0.04792154416245352,0.98989898989899,0.9900895749952354,0.98989898989899
